{"cameraMode":{"drawMode":0,"name":"Shaded","section":"Shading Mode"},"sceneLighting":true,"audioPlay":false,"sceneViewState":{"showFog":true,"showMaterialUpdate":false,"showSkybox":true,"showFlares":true,"showImageEffects":true,"showParticleSystems":true},"in2DMode":false,"pivot":{"x":23.567859649658204,"y":-3.4912109375,"z":30.090057373046876},"rotation":{"x":-0.4839020371437073,"y":-0.044073257595300677,"z":0.024409985169768335,"w":-0.8736755847930908},"size":43.318336486816409,"orthographic":false}